{
  "IsEncrypted": false,
  "Values": {
    "AzureWebJobsStorage": "DefaultEndpointsProtocol=https;AccountName=lab333;AccountKey=GSiJiLhnlDycll5eo8Vm21cqnQBAMOl+Rlll5qeZFq0NPkVnkbgFPiklcRU8CpIhcYSRbO8EEYEV+ASttPcC3A==;EndpointSuffix=core.windows.net",
    "FUNCTIONS_WORKER_RUNTIME": "python",
    "SERVICE_BUS_CONNECTION_STRING": "Endpoint=sb://lab333.servicebus.windows.net/;SharedAccessKeyName=RootManageSharedAccessKey;SharedAccessKey=CEf/pl3S5H847dsEtAp2YJVIC8QYcyRHm+ASbAXc+Y4=",
    "COSMOS_URL": "https://vitalij.documents.azure.com:443/",
    "COSMOS_KEY": "DwEVkh30xdMsJfiqAQ8QVYPr5vXD2b4CQBAfuG60z5mpm3fOcLmekJY6Xz67eoStCesqAlSQIvAfACDbsdnVPQ==",
    "COSMOS_DB": "IoTDatabase",
    "COSMOS_CONTAINER": "DeviceData",
    "SENSOR_INTERVALS_MS": "{\"temp\":50, \"hum\":70, \"light\":90}",
    "COSMOS_CONN": "AccountEndpoint=https://vitalij.documents.azure.com:443/;AccountKey=DwEVkh30xdMsJfiqAQ8QVYPr5vXD2b4CQBAfuG60z5mpm3fOcLmekJY6Xz67eoStCesqAlSQIvAfACDbsdnVPQ=="

  }
}

